Batch_ID,Temperature_C_mean,Temperature_C_max,Pressure_Bar_mean,Pressure_Bar_max,Humidity_Percent_mean,Motor_Speed_RPM_mean,Compression_Force_kN_mean,Compression_Force_kN_max,Flow_Rate_LPM_mean,Power_Consumption_kW_mean,Power_Consumption_kW_max,Vibration_mm_s_mean,Granulation_Time,Binder_Amount,Drying_Temp,Drying_Time,Compression_Force,Machine_Speed,Lubricant_Conc,Moisture_Content,Tablet_Weight,Hardness,Friability,Disintegration_Time,Dissolution_Rate,Content_Uniformity
T001,35.222404899898685,64.46482591526552,0.9895728913788779,1.320375559991232,38.26000305901098,121.27641471515251,3.0705421235331234,14.2194691135473,1.5766266352519118,21.821215823434994,66.06729503026247,2.9098652902916173,15,8.5,60,25,12.5,150,1.0,2.1,199.8,95,0.65,8.2,89.3,98.7
T002,34.11897383979008,68.19961150031284,0.9903198967097789,1.364275522542044,37.46879950846719,111.62133982030407,3.907254861249304,18.25277962284972,1.406522562577917,21.761982299111178,55.69533837674879,2.886003513203927,12,7.0,65,20,15.0,120,0.8,2.8,201.3,110,0.45,12.1,87.9,101.2
T003,35.23219243367587,65.78971468925602,0.9730791243006469,1.416480061940954,36.915295472283596,114.21006767850356,2.8558130829974826,12.13906657465291,1.6902644751180322,23.32840447578528,59.80284121406839,2.989995323292521,18,9.2,55,30,10.8,180,1.2,1.9,198.5,85,0.78,6.8,91.5,97.3
T004,37.00982958005369,68.03669402634078,0.9695391587972653,1.321824928516851,37.631641391418746,103.50751932605098,2.0068418710427958,10.45742761432978,2.0221534184059635,21.30587702602001,56.2957512870267,2.7026675812434213,20,10.0,58,35,8.5,200,1.5,1.5,203.2,72,0.95,5.5,93.8,95.9
T005,33.91822794323227,74.7121422408095,0.969525046339903,1.325708843881666,36.420932972690174,99.42731880377038,5.604898808460925,18.03662896504751,1.2198776066152592,24.982074172152075,58.3618202123696,3.0903121695931133,10,6.5,70,18,16.2,100,0.6,3.2,202.7,125,0.38,14.8,85.1,103.5
T006,35.68251414648584,64.72141394581676,0.979221346720696,1.46356791339347,37.52854735696412,104.11926107589878,2.7849639365100614,13.25907281751367,1.6900234396232914,21.359470254016056,59.45590946364415,2.7817385840326443,16,8.8,62,28,11.8,160,1.1,2.3,200.1,92,0.72,7.9,88.7,99.1
T007,35.07193629218222,70.41719226580292,0.9758963233194979,1.386445755918788,38.42017765071368,121.6593084561886,3.0830529793319763,15.41166874041835,1.4867449071757226,21.043835142202667,55.81905168534993,2.8458974171290543,14,7.5,67,22,13.5,140,0.9,2.6,198.9,102,0.58,10.3,86.4,100.8
T008,36.541462566578886,69.2323690933862,0.967849952337397,1.383742957452348,36.152988739423456,110.72567031624843,2.075769472388492,9.672543787339748,2.048696314695692,23.881875776795457,58.68116914316758,3.0545001581499442,22,11.0,52,38,7.2,220,1.8,1.2,205.1,65,1.15,4.2,95.7,94.2
T009,34.43578206449675,65.16423885056419,0.9785472417392336,1.367847148250736,36.982905274068976,103.17980374562904,5.003193039043346,15.65687338939862,1.4178722982389902,24.86397592638167,70.58799871009025,3.199024911269332,13,7.8,63,24,14.2,130,0.7,2.4,201.8,108,0.52,9.6,88.9,102.1
T010,35.76574578911724,65.82195561952757,0.9803614139456014,1.32179364845536,38.52291742382345,99.41798457527834,1.9853786106418339,11.35369177597432,1.7862939501358166,20.023484355950142,57.66620600139672,2.5699327466135653,17,9.5,59,32,9.8,170,1.4,1.8,197.6,78,0.88,6.1,92.3,96.8
T011,34.88558534465347,72.42581831742481,0.9850768678961,1.292040654954956,37.00054153774005,116.29340616222298,4.108700979295757,17.95800694491503,1.4467994409247562,22.531433078157225,55.97604081211801,2.9418472768740975,11,6.8,68,19,15.8,110,0.5,3.0,203.5,118,0.42,13.2,84.7,104.2
T012,35.23925789233978,68.58306008481175,0.9776148056752847,1.36633674290579,37.17107888258886,120.39951301548923,2.678443516333457,11.2815926434899,1.6213467823795222,23.906819898458863,60.60580698911032,3.128709865291638,19,10.2,56,34,8.9,190,1.6,1.6,199.2,81,0.82,5.8,94.1,95.5
T013,35.046427751092075,63.16135307627248,0.9802925008255974,1.343934794609126,37.094571055670585,123.599213331641,3.951986969152136,15.02659660171609,1.5317638095677901,24.141195578804354,58.92442430187218,3.181812129157555,15,8.2,61,26,12.8,155,1.0,2.2,200.6,96,0.68,8.5,89.8,98.3
T014,35.471662330780426,70.1718152558982,0.9701044690258013,1.421768860637776,36.406700931472756,103.59931190403718,2.100359076080435,8.600451371446567,1.8824943069178006,24.747303338568233,59.0693874978938,3.05877101930027,23,11.5,50,40,6.5,240,2.0,1.0,206.8,58,1.28,3.9,97.2,93.1
T015,34.676663840651806,68.56405527146767,0.9639574417647115,1.401961040441142,38.495830302638225,123.10792937722597,3.1699364661992333,16.32471584735008,1.4096585625318958,20.850117808048616,57.47330866988472,2.7714126906602137,12,7.2,66,21,14.8,125,0.8,2.7,202.1,112,0.48,11.5,87.2,101.9
T016,35.21693998840433,68.1682830026192,0.9863395297348942,1.419022294455289,36.99443224587027,108.81000134066876,3.451089758299501,11.92507021847448,1.6269596998433946,25.033846689975576,68.36016622170995,3.222848667794371,18,9.8,57,33,10.2,175,1.3,1.7,198.8,83,0.85,6.4,90.6,97.7
T017,35.48029090904035,66.62329055202875,0.9729717231594366,1.326789326806629,37.48803808005514,115.49538109755532,3.047264356930326,15.24090811403133,1.6675603310759022,21.121259893609963,57.38167141506993,2.7144609765113414,14,8.0,64,23,13.8,145,0.9,2.5,199.5,105,0.55,9.8,86.8,100.4
T018,36.128340833356404,68.28906769282419,0.9730776517409262,1.39266091723168,36.52515547316676,127.59925849125408,2.254607971544762,10.63544715173369,1.9256666849960165,24.235972470020457,62.41443833943723,3.206484944598739,21,10.8,53,37,7.8,210,1.7,1.3,204.3,68,1.08,4.6,96.4,94.8
T019,35.00647055969783,65.66018912927369,0.9718280921245684,1.308840110445459,37.21871874567335,109.04424655409755,3.637253884159195,13.98154024615221,1.5510319867770808,23.54999969717781,55.38460388692859,3.0565132644206883,16,8.6,62,27,12.2,165,1.1,2.0,200.9,89,0.75,7.6,91.1,98.9
T020,33.83756998771753,75.15721924881022,0.9862856306526419,1.375635737562698,35.96606490806778,126.19178114790643,6.5611708530093615,19.79069833265416,1.1453451126428649,26.25042577787013,58.4826822610236,3.5255220740966338,9,6.0,72,16,17.5,95,0.4,3.5,204.2,132,0.32,16.2,82.3,105.8
T021,35.17047503632014,65.90564605009584,0.9839461694132875,1.415981058078821,36.48854408822433,117.95501552475682,3.7937471523766533,12.92956293981231,1.5956649966194612,25.49189556040527,60.19860443506786,3.212947497199885,17,9.1,58,29,11.5,185,1.2,1.9,197.8,86,0.79,6.7,92.8,96.4
T022,34.98992062787141,68.14537571056226,0.9759749650521671,1.316900963295087,36.32860964114188,110.1498873178822,4.422319978741544,16.07917860541359,1.5026648490900367,23.961304022233744,55.66142413873373,3.0988114984131854,13,7.6,65,24,14.5,135,0.7,2.6,201.4,109,0.51,10.1,88.1,102.6
T023,36.877457432308304,68.16528399185964,0.9737040886240476,1.351549269398675,37.63085849287827,125.63978320503705,1.834109539283779,9.83305980347508,2.0991198213383835,22.210360529229888,57.84774982143578,2.9002982691762456,20,10.5,54,36,8.2,205,1.6,1.4,203.7,74,0.92,5.2,94.9,95.1
T024,35.05997305051368,64.9106151466997,0.9876229708841145,1.474516134269566,38.20815818220744,106.195524879794,3.422437845698328,15.48699766576089,1.5938544868802493,21.47237323137698,57.17133168892914,2.7998330479949356,15,8.4,61,25,13.1,150,1.0,2.1,200.3,98,0.62,8.8,89.5,98.5
T025,37.17765674788798,72.1361894532168,0.9772583048060415,1.389169208403015,36.434057492440765,114.12126879917564,1.2389565163301797,7.449259185996621,2.3387930785950757,22.239119320278306,60.15522652592813,2.7660159857136772,24,12.0,48,42,6.0,250,2.2,0.8,208.1,52,1.42,3.5,98.6,92.4
T026,34.70365217016981,70.34198171636507,0.9757356227978461,1.299150812935289,36.99543215575526,112.87818774295523,4.923874236156103,17.91252808454258,1.3632736151142222,23.466520756981975,56.93965753556333,3.11220630652378,11,6.9,69,20,16.0,115,0.6,2.9,202.8,121,0.39,12.8,85.9,103.7
T027,36.175442880910865,66.50904110874627,0.9821450536859353,1.334935985267226,37.84818656876363,106.59737551559996,2.809409156204308,12.64776565238199,1.937430502973539,22.60335157430309,59.55763387602469,2.899559361275042,18,9.4,56,31,10.5,180,1.3,1.8,199.1,80,0.86,6.3,93.2,97.1
T028,34.63149641498335,65.32540584836059,0.9859648279454736,1.334448316613829,37.81009079209334,105.4887462506876,4.143394199012067,15.26925196991562,1.457376462192916,23.21191010256863,61.39354794245812,2.987267202233958,14,7.9,63,23,14.0,140,0.8,2.4,201.6,106,0.56,9.5,87.6,100.9
T029,35.57472138931158,71.27222522543538,0.9782140556271609,1.411182569338653,36.38412584730335,101.23317332379077,2.46458491912221,10.10351735769963,1.8863578005924981,24.626483392576965,60.71235558903637,3.104913948214975,22,11.2,51,39,7.5,225,1.9,1.1,205.9,61,1.21,4.1,96.8,93.6
T030,34.68178638759256,63.2698981861212,0.9802416216021992,1.287401064142567,37.08396177382112,103.33327460058037,3.636498363252343,13.62140858650999,1.529824777862053,23.37381014129509,59.3345783023958,3.0099318026220905,16,8.7,60,28,12.0,160,1.1,2.2,200.5,93,0.71,8.1,90.4,98.8
T031,33.53995458509597,74.54181551785729,0.9838718618612549,1.341589183214925,37.58375430934776,99.90776779965526,5.059927118847621,19.21368992010866,1.1748946145971635,22.54540689514896,55.70229079030712,2.9293445545113936,10,6.3,71,17,17.2,105,0.5,3.3,203.9,128,0.35,15.1,83.8,104.9
T032,35.97264027642394,67.84491854823551,0.9791956135043499,1.375939667405006,36.54657006882992,125.61853461816393,2.484655101020912,10.77021149414546,1.8529651149083215,24.003914711252385,60.27864314776298,3.1132488113276753,19,9.9,55,34,9.1,195,1.5,1.6,198.3,76,0.89,5.9,93.7,96.2
T033,34.33404141144617,66.59931402439129,0.9768519342928381,1.341480766112764,38.12345098992395,122.47276349542402,3.681612574358932,15.6652126751727,1.3774695699716757,21.828658219197123,58.13973012346489,2.9705674687840413,13,7.7,64,22,14.3,138,0.7,2.5,201.9,111,0.49,10.7,87.4,101.8
T034,36.20775411308464,69.7521237551806,0.9669113178753241,1.46857243951583,37.10275406203359,128.1307592458452,1.5529857080992244,9.594828194985284,1.9420237082611707,21.15689531560543,59.1326384385353,2.765813252040773,21,10.7,52,38,8.0,215,1.7,1.3,204.8,70,1.05,4.8,95.3,94.5
T035,34.69029380340938,64.26581443938474,0.978636850617024,1.56329567226075,36.551491105596675,120.35504565283489,4.523899499297704,15.02314374449145,1.4103965887102543,25.781549240244253,57.118186642872,3.439201562058732,15,8.3,62,26,12.6,152,1.0,2.1,200.7,97,0.66,8.4,89.9,98.6
T036,35.525655960207956,72.41102823028217,0.9727855269535465,1.375334654098133,37.662339312610236,121.18275488082776,1.4356549693283913,7.538658562606528,1.9754884651613038,22.68323368091673,57.53411448030857,2.997608627419545,25,12.5,46,44,5.5,260,2.4,0.6,209.5,48,1.58,3.2,99.1,91.8
T037,34.276187497271636,68.98330414839825,0.9769509680524592,1.405526531086346,36.674939530002845,125.30676225180211,4.988645232150405,17.39368978870213,1.270647608543206,24.55058485145725,59.98694946677515,3.2898870109799154,12,7.1,67,19,15.5,120,0.6,2.8,202.4,116,0.44,13.6,86.1,102.3
T038,36.786337697323695,65.90410233658858,0.9853213863444027,1.455552218202007,38.295585118862704,128.16472283476534,2.5149722550317177,13.2024395644958,1.9476120224371432,22.145444946718282,64.3595478062973,2.9272482236332733,17,9.3,58,30,11.0,178,1.2,1.9,198.9,84,0.81,6.6,91.8,97.4
T039,34.119911933920875,65.8466452813443,0.9836180867970247,1.368254824692604,37.49878384466111,113.63966711970004,4.127841694663118,15.67760753137457,1.3524427583729672,23.606823824391807,57.26323804459033,3.1384335464241873,14,8.1,63,24,13.6,143,0.9,2.4,200.2,103,0.59,9.2,88.3,100.1
T040,36.48714388057262,70.65956280738983,0.96813326127727,1.413195837875131,36.81705808250727,128.75053187841525,1.207639044585203,8.27993365765229,2.142211121053542,21.3063684018696,55.86435045937813,2.741786712764326,23,11.8,49,41,6.8,235,2.1,0.9,207.2,55,1.35,3.7,97.8,92.9
T041,34.74722382618566,64.9261391669674,0.9771643048633704,1.303459720469962,36.77358819964589,112.76481744074489,3.6252904145344615,13.94075018090576,1.5187056459734898,23.655458945859483,57.85691742388403,3.1078496450447397,16,8.9,59,29,11.8,168,1.1,2.0,199.6,91,0.73,7.8,90.7,98.2
T042,34.2335335584012,74.01674693968289,0.9853239589855942,1.43071587737042,37.502430145849836,123.3474079708447,4.550846179547651,19.14914365084161,1.2570193753084282,22.903503594770143,61.79867854614741,3.057948489451969,11,6.6,70,18,16.8,108,0.5,3.1,203.1,124,0.37,14.3,84.5,104.1
T043,35.95890446993872,66.91910530667802,0.9817017078549345,1.402120160398006,36.23778219020667,120.83773158113534,2.720864939716607,10.49594002172815,1.8319512248826109,24.985584124034933,60.3876118765043,3.221367747018035,20,10.3,54,35,8.7,200,1.6,1.5,202.9,77,0.91,5.6,94.5,95.8
T044,35.19119578041219,64.83834621799093,0.9782455002636186,1.350996198784996,38.532791508543504,119.86517470353898,3.1801536594922015,14.66131596967664,1.5354610248446212,22.101390379906555,58.81101004486355,2.9119426473385897,15,8.5,61,25,13.0,155,1.0,2.2,200.4,95,0.64,8.6,89.1,98.9
T045,35.60665291103164,74.54075132119964,0.9729760278451999,1.376962100440885,35.85911941860189,100.44581094346174,1.624221681260662,6.755513859821662,2.0567836600362055,24.537348231232855,56.53959965868717,3.1001004827269676,26,13.0,44,46,5.0,270,2.6,0.4,211.3,44,1.74,2.9,99.8,90.5
T046,35.63173551277779,69.4084921958603,0.98496863398825,1.302309355649333,37.70656869999463,138.068105229223,4.2722757587596885,16.8909479110805,1.4800396196121821,23.41966217612178,60.15936922822981,3.205704284535755,12,7.3,66,20,15.2,122,0.6,2.7,201.8,114,0.46,12.4,86.8,101.7
T047,35.24633039964998,67.80647483767807,0.9778053042693091,1.417137669288036,37.06869246304619,101.59840618675294,2.96035010808692,12.32691625900395,1.6885948722173427,23.346404946685805,59.42157395028056,2.9092182788446657,18,9.6,57,32,10.3,182,1.3,1.8,199.4,82,0.84,6.2,92.6,96.9
T048,34.700321667396246,66.55435293096482,0.9694119375129407,1.376105114079976,38.09220659706876,100.89780862653234,2.86195048742777,15.41718668240534,1.504235931248831,19.741394276178855,56.48279385247532,2.572401816403048,14,7.8,64,23,14.1,141,0.8,2.5,201.1,107,0.53,9.9,87.9,100.6
T049,37.41972674866698,69.95566131044691,0.9620686178169059,1.436910375608419,36.870434121673355,134.409610470099,1.5463793660453513,10.16460716614685,2.19151562451109,22.0999258065403,62.82644529013005,2.8640354207004854,21,10.9,53,37,7.9,218,1.8,1.2,205.6,66,1.12,4.4,96.1,94.3
T050,35.449505100010676,64.89796458708906,0.9808380429618909,1.336951656956621,35.77609414410694,112.60373665927034,4.48097654073634,14.21604212521826,1.614755070857902,26.62994309570095,67.99762095683379,3.39568029577332,16,8.8,60,27,12.3,162,1.1,2.1,200.8,94,0.69,8.0,90.2,98.4
T051,34.18966285692157,74.87711500690064,0.9854395053184414,1.381163362525819,37.15251024499692,105.86168000856841,5.4993634545618395,19.86440605640797,1.2345129878367764,23.33127049753452,53.71976155421692,3.080090049716414,9,5.8,73,15,18.0,92,0.4,3.6,204.7,135,0.29,17.5,81.2,106.3
T052,34.93108045841731,67.09962013264669,0.9728274340634263,1.348506366961604,37.252568842566,101.51342764898355,2.4798130036552464,10.95841002883938,1.7060962308382597,22.130350873468213,59.53221853240117,2.74987350521022,19,10.0,55,33,9.4,192,1.5,1.7,198.7,79,0.87,5.7,93.9,96.6
T053,34.162570507878556,68.0669913390501,0.9749606465977193,1.367630535281389,36.25215646657649,116.3847239649624,5.232478404035425,16.3055609213805,1.3175928966628674,25.759212406532615,56.569204503935,3.3750134678156156,13,7.4,65,21,14.7,132,0.7,2.6,202.2,113,0.47,11.8,86.9,102.4
T054,35.455311956653105,70.16672803230335,0.9807318049475641,1.362345975547428,37.01677289856864,116.14344968350161,2.2953519714299797,8.731616481777257,1.8851589027374618,25.156598817613435,59.88451299088584,3.215012097051814,22,11.3,50,39,7.3,228,1.9,1.1,206.4,63,1.18,4.0,97.4,93.4
T055,35.778068161334346,64.85701503903735,0.9776807772433468,1.384667919797437,37.95853118306275,135.89232104868586,2.8978708874661527,14.07070822356894,1.6839444116278661,22.1989660846666,53.08091851043133,2.9720354269975773,15,8.6,62,26,12.7,157,1.0,2.2,200.1,99,0.67,8.3,89.6,98.7
T056,35.897858810690614,74.70935590085429,0.9669261947392347,1.339825448816028,36.34504552130215,113.74954263072851,1.1306399896322885,6.592440437838981,2.251329399011974,22.972493060612486,56.8816513490573,2.8669021253175577,27,13.5,42,48,4.5,280,2.8,0.2,213.8,40,1.92,2.6,99.9,89.8
T057,33.834492381884196,70.01294294210095,0.9865579491626167,1.421002116255804,37.43012806197803,115.21006837866089,4.218720803867201,18.24525162898234,1.2890018777065775,21.984456731269702,57.67255067963557,2.883505089776224,11,6.7,68,19,16.5,112,0.5,3.0,203.6,119,0.41,13.9,85.3,103.8
T058,35.631028468347836,65.81904662684107,0.9764262611851755,1.538990777284416,38.04218548072244,100.54431127267415,2.6005163635246946,12.94978430050399,1.7843743227217277,21.330392890422353,62.59586327125963,2.70217780358321,17,9.2,58,31,10.8,174,1.2,1.9,199.8,87,0.76,6.9,91.4,97.6
T059,33.7575294190542,66.34970852054637,0.9772392673317101,1.366490685973735,37.71297748744783,102.28094903468046,4.672451161162628,15.57854972474602,1.34387351757339,24.283559829709056,60.79769348470554,3.1242053366170413,14,8.0,63,24,13.9,146,0.9,2.4,200.9,104,0.57,9.4,88.7,100.3
T060,36.38394409790615,71.06540262308862,0.9857979294678654,1.443118774686559,37.601243894036,104.60681272689759,1.187516037995583,8.450312480716725,2.2862934437266653,20.062614529548913,59.20567189931626,2.5740824479692264,24,12.2,48,43,6.2,245,2.2,0.7,208.9,50,1.46,3.4,98.4,92.1
